<PcGts xmlns="http://schema.primaresearch.org/PAGE/gts/pagecontent/2019-07-15" xmlns:xsi="http://www.w3.org/2001/XMLSchema-instance" xsi:schemaLocation="http://schema.primaresearch.org/PAGE/gts/pagecontent/2019-07-15 http://schema.primaresearch.org/PAGE/gts/pagecontent/2019-07-15/pagecontent.xsd">
  <Metadata>
    <Creator>escriptorium</Creator>
    <Created>2025-03-07T13:34:57.733175+00:00</Created>
    <LastChange>2025-03-13T15:25:54.648497+00:00</LastChange>
  </Metadata>
  <Page imageFilename="heimskringla_20250304_0103.png" imageWidth="2480" imageHeight="3507">
    <TextRegion id="eSc_textblock_55657a75" custom="structure {type:text;}">
      <Coords points="306,288 543,296 569,381 701,413 2041,413 2064,436 2064,574 2173,592 2197,683 1045,699 779,722 715,777 296,769 272,738 272,374 306,288"/>
      <TextLine id="eSc_line_0c5a9a18" custom="structure {type:default;}">
        <Coords points="464,292 462,292 460,292 460,294 450,301 393,296 391,296 389,296 362,305 315,294 313,294 311,294 310,294 308,296 296,307 298,344 298,358 407,368 409,368 540,356 540,340 536,305 465,292 464,292"/>
        <Baseline points="298,344 540,340"/>
        <TextEquiv>
          <Unicode>Fodnoter</Unicode>
        </TextEquiv>
        <TextEquiv index="0">
          <Unicode>Fodnoter</Unicode>
        </TextEquiv>
      </TextLine>
      <TextLine id="eSc_line_a625d953" custom="structure {type:default;}">
        <Coords points="298,469 298,489 2047,483 2049,463 2045,428 1973,416 1971,416 1969,416 1928,426 1928,428 1826,428 1826,426 1811,416 1809,416 1807,416 1805,416 1803,416 1782,426 1782,428 1540,428 1538,426 1522,416 1520,416 1518,416 1516,416 1399,418 1397,418 1395,418 1384,426 1382,428 1364,426 1296,418 1294,418 1292,418 1269,426 1261,428 1251,426 1210,418 1208,418 1206,418 1185,426 1179,428 1163,426 1113,418 1111,418 965,426 879,430 818,426 746,420 744,420 296,424 298,469"/>
        <Baseline points="298,469 2049,463"/>
        <TextEquiv>
          <Unicode>1) Account of the Voyages undertaken by Byron Wallis, Carteret Cook. 1773</Unicode>
        </TextEquiv>
        <TextEquiv index="0">
          <Unicode>1) Account of the Voyages undertaken by Byron Vallis, Carteret Cook. 1773</Unicode>
        </TextEquiv>
      </TextLine>
      <TextLine id="eSc_line_a3b697c2" custom="structure {type:default;}">
        <Coords points="296,559 296,570 713,576 715,559 715,524 504,512 503,512 444,522 419,512 417,512 415,512 333,522 319,512 317,512 315,512 313,512 311,512 310,512 296,520 296,559"/>
        <Baseline points="296,559 715,559"/>
        <TextEquiv>
          <Unicode>London 5. Volum.</Unicode>
        </TextEquiv>
        <TextEquiv index="0">
          <Unicode>London 5. Volum.</Unicode>
        </TextEquiv>
      </TextLine>
      <TextLine id="eSc_line_71f98712" custom="structure {type:default;}">
        <Coords points="2173,605 298,605 298,646 296,666 362,670 386,685 387,685 389,685 391,687 462,687 462,685 464,685 499,670 503,670 660,685 662,685 848,674 918,670 970,676 1074,687 1076,687 1284,679 1473,672 1491,681 1493,683 1495,683 1497,683 1499,683 1522,681 1622,674 1639,683 1651,689 1653,689 1655,689 1776,685 1778,685 1780,685 1807,674 1881,674 1904,687 1906,689 1908,689 1910,689 1912,691 2175,691 2177,652 2175,611 2173,605"/>
        <Baseline points="298,646 2177,652"/>
        <TextEquiv>
          <Unicode>2) Havgóri: ein tokubakki í havsbrúnni - eisini: "dranki": eitt høgt, klettalíkt skýggj</Unicode>
        </TextEquiv>
        <TextEquiv index="0">
          <Unicode>2) Havgóri: ein tokubakki i havsbrúnni - eisini: "dranki": eitt høgt, klettalikt skýggi</Unicode>
        </TextEquiv>
      </TextLine>
      <TextLine id="eSc_line_368ae0d7" custom="structure {type:default;}">
        <Coords points="296,740 296,761 510,771 512,771 733,757 733,736 727,695 639,701 627,697 612,691 610,691 608,691 606,691 604,691 604,693 598,699 596,699 594,699 586,691 584,691 582,691 581,691 579,691 551,699 545,701 540,699 514,691 512,691 510,691 508,691 506,691 495,701 493,703 485,701 448,693 446,693 387,703 311,693 310,693 308,693 306,693 294,701 296,740"/>
        <Baseline points="296,740 733,736"/>
        <TextEquiv>
          <Unicode>í havsbrúnni (a.e.)</Unicode>
        </TextEquiv>
        <TextEquiv index="0">
          <Unicode>í havsbrúnni (a.e.)</Unicode>
        </TextEquiv>
      </TextLine>
    </TextRegion>
    <TextRegion id="eSc_textblock_c70a8849" custom="structure {type:text;}">
      <Coords points="2131,3039 2197,3047 2197,3123 2113,3123 2131,3039"/>
      <TextLine id="eSc_line_676f5800" custom="structure {type:default;}">
        <Coords points="2130,3112 2197,3114 2196,3094 2193,3059 2131,3059 2132,3098"/>
        <Baseline points="2136,3097 2191,3097"/>
        <TextEquiv>
          <Unicode>99</Unicode>
        </TextEquiv>
        <TextEquiv index="0">
          <Unicode>99</Unicode>
        </TextEquiv>
      </TextLine>
    </TextRegion>
  </Page>
</PcGts>
