<PcGts xmlns="http://schema.primaresearch.org/PAGE/gts/pagecontent/2019-07-15" xmlns:xsi="http://www.w3.org/2001/XMLSchema-instance" xsi:schemaLocation="http://schema.primaresearch.org/PAGE/gts/pagecontent/2019-07-15 http://schema.primaresearch.org/PAGE/gts/pagecontent/2019-07-15/pagecontent.xsd">
  <Metadata>
    <Creator>escriptorium</Creator>
    <Created>2025-03-07T13:35:00.463624+00:00</Created>
    <LastChange>2025-03-13T16:54:25.383151+00:00</LastChange>
  </Metadata>
  <Page imageFilename="heimskringla_20250304_0107.png" imageWidth="2480" imageHeight="3507">
    <TextRegion id="eSc_textblock_aaae84c3" custom="structure {type:text;}">
      <Coords points="292,288 926,296 974,381 1089,413 1089,473 296,535 265,426 292,288"/>
      <TextLine id="eSc_line_7d91487b" custom="structure {type:default;}">
        <Coords points="756,292 754,292 752,292 742,301 738,303 709,301 623,294 621,294 620,294 604,301 594,307 553,307 547,301 540,294 538,294 536,294 534,294 274,301 276,342 276,358 892,366 894,366 896,366 928,354 928,339 922,301 811,303 797,301 760,292 758,292"/>
        <Baseline points="276,342 928,339"/>
        <TextEquiv>
          <Unicode>Færøske Folkesagn og Æventyr</Unicode>
        </TextEquiv>
        <TextEquiv index="0">
          <Unicode>Færøske Folkesagn og Æventyr</Unicode>
        </TextEquiv>
      </TextLine>
      <TextLine id="eSc_line_1cb79f78" custom="structure {type:default;}">
        <Coords points="278,481 1080,477 1080,450 1076,416 898,403 896,403 894,403 859,416 855,416 830,416 631,407 629,407 627,407 625,407 612,416 608,420 542,420 534,416 503,407 501,407 499,407 497,407 495,407 479,416 475,420 471,416 464,409 462,409 460,409 458,409 276,416 278,457"/>
        <Baseline points="278,457 1080,450"/>
        <TextEquiv>
          <Unicode>Jakob Jakobsen, København 1898-1901</Unicode>
        </TextEquiv>
        <TextEquiv index="0">
          <Unicode>Jakob Jakobsen, København 1898-1901</Unicode>
        </TextEquiv>
      </TextLine>
    </TextRegion>
    <TextRegion id="eSc_textblock_2104e8c9" custom="structure {type:text;}">
      <Coords points="300,623 809,631 855,662 871,785 621,870 311,886 265,754 265,662 300,623"/>
      <TextLine id="eSc_line_96807268" custom="structure {type:default;}">
        <Coords points="278,705 822,703 824,687 822,650 807,639 805,639 803,639 801,639 674,650 557,639 555,639 553,639 551,639 551,641 538,652 501,641 499,641 497,641 368,652 296,641 294,641 292,641 290,641 276,648 278,691"/>
        <Baseline points="278,691 824,687"/>
        <TextEquiv>
          <Unicode>Gentan í risahellinum (A)</Unicode>
        </TextEquiv>
        <TextEquiv index="0">
          <Unicode>Gentan í risahellinum (A)</Unicode>
        </TextEquiv>
      </TextLine>
      <TextLine id="eSc_line_3f5bedf1" custom="structure {type:default;}">
        <Coords points="282,791 779,800 781,800 859,789 859,771 859,736 820,726 818,726 816,726 814,726 813,726 801,738 658,738 579,724 577,724 575,724 530,736 514,724 512,724 510,724 508,724 506,724 464,736 430,724 428,724 323,724 321,724 319,724 282,736 282,771"/>
        <Baseline points="282,771 859,771"/>
        <TextEquiv>
          <Unicode>ella Teir tólv skógrøvararnir</Unicode>
        </TextEquiv>
        <TextEquiv index="0">
          <Unicode>ella Teir tól skógrøvararnir</Unicode>
        </TextEquiv>
      </TextLine>
    </TextRegion>
    <TextRegion id="eSc_textblock_cbf30d04" custom="structure {type:text;}">
      <Coords points="315,927 1924,958 1978,1120 2127,1153 2181,1254 2181,2546 1746,2569 1635,2639 288,2647 265,1231 272,966 315,927"/>
      <TextLine id="eSc_line_d6ecb352" custom="structure {type:default;}">
        <Coords points="1821,956 1801,954 1782,954 1770,954 1711,960 1505,952 1503,952 1501,952 1499,952 1487,962 1124,952 1123,952 1121,952 1089,964 688,954 686,954 614,966 304,956 302,956 300,956 298,956 280,966 282,1005 282,1024 1907,1023 1908,997 1904,962 1858,956 1840,956"/>
        <Baseline points="282,1005 1908,997"/>
        <TextEquiv>
          <Unicode>Niðurskrivað av V. U. Hammershaimb eftir frásøgn av Joen Danielsen í Skálavík</Unicode>
        </TextEquiv>
        <TextEquiv index="0">
          <Unicode>Niðurskriað av V. U. Hammershainb efir frísøgn avJoen Danielsen í Skalavít</Unicode>
        </TextEquiv>
      </TextLine>
      <TextLine id="eSc_line_b5fde340" custom="structure {type:default;}">
        <Coords points="280,1146 1957,1138 1959,1112 1955,1081 1555,1071 1553,1071 1551,1071 1532,1081 1514,1081 1119,1073 1117,1073 1074,1083 1070,1083 1045,1083 711,1075 709,1075 707,1075 672,1085 666,1087 278,1087 280,1120"/>
        <Baseline points="280,1120 1959,1112"/>
        <TextEquiv>
          <Unicode>Ein prestur átti ein hjall, sum hann goymdi brenni í, men brenniviðurin varð so illa</Unicode>
        </TextEquiv>
        <TextEquiv index="0">
          <Unicode>Ein prestur ái ein hjall, sum hann goymdi brenni í, men brenniviðurin varð so illa</Unicode>
        </TextEquiv>
      </TextLine>
      <TextLine id="eSc_line_dc1d775b" custom="structure {type:default;}">
        <Coords points="282,1229 2128,1221 2129,1196 2125,1165 1666,1153 1665,1153 1505,1165 1298,1155 1296,1155 1169,1167 781,1157 779,1157 777,1157 738,1169 559,1159 557,1159 555,1159 520,1169 485,1159 483,1159 481,1159 337,1169 296,1159 294,1159 292,1159 290,1159 288,1159 280,1163 282,1204"/>
        <Baseline points="282,1204 2129,1196"/>
        <TextEquiv>
          <Unicode>burturstolin frá honun. Ein sunnudag, sum prestafólkini vóru farin í kirkju og arbeiðskonan</Unicode>
        </TextEquiv>
        <TextEquiv index="0">
          <Unicode>burturstolin frá honun. Ein sunnudag, sum prestafólkini vóru farin í kirkju og arbeiðskonan</Unicode>
        </TextEquiv>
      </TextLine>
      <TextLine id="eSc_line_e6d6c160" custom="structure {type:default;}">
        <Coords points="281,1308 2168,1306 2170,1278 2166,1244 393,1243 391,1243 280,1252 282,1283"/>
        <Baseline points="282,1283 2170,1278"/>
        <TextEquiv>
          <Unicode>var einsumøll eftir, fór hon í kjallin at taka brenni. Meðan hon var har, sá hon eina lúku ganga</Unicode>
        </TextEquiv>
        <TextEquiv index="0">
          <Unicode>var einsumøll efir, fór hon í kjallin at taka brenni. Meðan hon var har, sá hon eina lúku ganga</Unicode>
        </TextEquiv>
      </TextLine>
      <TextLine id="eSc_line_7e57787f" custom="structure {type:default;}">
        <Coords points="282,1389 2173,1389 2175,1361 2171,1332 1702,1320 1700,1320 1698,1320 1674,1332 1672,1332 1668,1332 1626,1322 1624,1322 1491,1332 1475,1332 1460,1322 1458,1322 1456,1322 1304,1322 1302,1322 1241,1332 1224,1334 1206,1332 1150,1324 1148,1324 1097,1332 1082,1336 928,1336 924,1332 912,1324 910,1324 908,1324 906,1324 801,1332 752,1336 736,1332 711,1326 709,1326 707,1326 705,1326 686,1332 674,1338 540,1338 532,1332 522,1326 520,1326 518,1326 516,1326 280,1332 282,1369"/>
        <Baseline points="282,1369 2175,1361"/>
        <TextEquiv>
          <Unicode>leysa í gólvinun og ein røvara koma upp ígjøgnun. Hon tók svørðið og høgdi høvdið av honun,</Unicode>
        </TextEquiv>
        <TextEquiv index="0">
          <Unicode>leysa í gólvinun og ein røvara koma upp ígjøgnun. Hon tók svørðið og høgdi høvdið av honun,</Unicode>
        </TextEquiv>
      </TextLine>
      <TextLine id="eSc_line_5e361ec0" custom="structure {type:default;}">
        <Coords points="284,1475 2138,1469 2140,1443 2134,1412 1618,1412 1524,1402 1522,1402 1460,1412 1431,1402 1429,1402 1427,1402 1306,1412 1271,1402 1269,1402 1267,1402 1208,1414 1165,1404 1163,1404 1162,1404 1115,1414 865,1404 863,1404 744,1416 719,1406 717,1406 364,1406 362,1406 282,1418 284,1451"/>
        <Baseline points="284,1451 2140,1443"/>
        <TextEquiv>
          <Unicode>og síðan drap hon ellivu røvarar, hvønn undan øðrum, sum teir komu upp ígjøgnun lemmin.</Unicode>
        </TextEquiv>
        <TextEquiv index="0">
          <Unicode>og síðan drap hon ellivu røvarar, hvønn undan øðrum, sum teir komu upp ígjøgnun lemmin.</Unicode>
        </TextEquiv>
      </TextLine>
      <TextLine id="eSc_line_6b8755d9" custom="structure {type:default;}">
        <Coords points="282,1554 2179,1553 2179,1529 2175,1492 280,1492 282,1535"/>
        <Baseline points="282,1535 2179,1529"/>
        <TextEquiv>
          <Unicode>Men tá ið hin tólvti og síðsti kom, faftaði hon við - hann slapp undan og lovaði, at hann skuldi</Unicode>
        </TextEquiv>
        <TextEquiv index="0">
          <Unicode>Men tá ið hin tólvi og síðsti kom, faftaði hon við - hann slapp undan og lovaði, at hann skuldi</Unicode>
        </TextEquiv>
      </TextLine>
      <TextLine id="eSc_line_47c60c79" custom="structure {type:default;}">
        <Coords points="284,1640 1035,1640 1037,1615 1031,1574 816,1582 801,1578 783,1572 781,1572 779,1572 742,1578 723,1582 719,1578 709,1572 707,1572 705,1572 703,1572 664,1580 643,1583 631,1580 610,1574 608,1574 606,1574 604,1574 602,1574 602,1576 596,1582 594,1583 588,1582 569,1574 567,1574 565,1574 503,1583 491,1583 487,1583 464,1574 462,1574 460,1574 364,1583 339,1574 337,1574 335,1574 282,1585 284,1619"/>
        <Baseline points="284,1619 1037,1615"/>
        <TextEquiv>
          <Unicode>minnast henni, hvat hon hevði gjørt.</Unicode>
        </TextEquiv>
        <TextEquiv index="0">
          <Unicode>minnast henni, hvat hon hevði gjørt.</Unicode>
        </TextEquiv>
      </TextLine>
      <TextLine id="eSc_line_e084a273" custom="structure {type:default;}">
        <Coords points="313,1726 2173,1720 2175,1693 2170,1650 1770,1658 1746,1650 1741,1648 1739,1648 1737,1648 1721,1650 1678,1658 1651,1650 1643,1648 1641,1648 1639,1648 1637,1648 1631,1650 1616,1658 1528,1650 1514,1650 1512,1650 1499,1650 1390,1659 1351,1650 1343,1650 1341,1650 1333,1650 1288,1659 1201,1652 1183,1650 1181,1650 1162,1652 1048,1661 1021,1652 1017,1650 1015,1650 918,1650 916,1650 894,1652 805,1661 785,1652 781,1650 779,1650 777,1650 750,1652 635,1663 311,1654 313,1700"/>
        <Baseline points="313,1700 2175,1693"/>
        <TextEquiv>
          <Unicode>Hon læsir seg nú inn í kamarið hjá presti. Tá ið tey koma aftur úr kirkjuni, er eingin døgurði</Unicode>
        </TextEquiv>
        <TextEquiv index="0">
          <Unicode>Hon læsir seg nú inn í kamarið hjá presti. Tá ið tey koma aftur úr kirkjuni, er eingin døgurði</Unicode>
        </TextEquiv>
      </TextLine>
      <TextLine id="eSc_line_d301a09a" custom="structure {type:default;}">
        <Coords points="284,1810 2132,1803 2134,1774 2131,1745 2043,1734 2041,1734 1918,1743 1832,1734 1830,1734 1756,1747 1583,1747 1559,1735 1557,1735 1555,1735 1475,1745 1440,1735 1438,1735 1436,1735 1351,1747 1314,1737 1312,1737 1310,1737 1204,1747 1025,1737 1023,1737 1021,1737 998,1749 867,1739 865,1739 863,1739 844,1749 822,1739 820,1739 818,1739 711,1749 696,1739 694,1739 692,1739 690,1739 569,1751 545,1741 543,1741 542,1741 471,1751 380,1741 378,1741 282,1753 284,1784"/>
        <Baseline points="284,1784 2134,1774"/>
        <TextEquiv>
          <Unicode>og eingin arbeiðskona at síggja. Umsíðir finna tey hana í kamarinun og spyrja hana, hví hon</Unicode>
        </TextEquiv>
        <TextEquiv index="0">
          <Unicode>og eingin arbeiðskona at síggja. Umsíðir finna tey hana í kamarinun og spyrja hana, hví hon</Unicode>
        </TextEquiv>
      </TextLine>
      <TextLine id="eSc_line_ac0193b8" custom="structure {type:default;}">
        <Coords points="284,1893 2180,1888 2179,1858 2175,1817 2084,1817 2082,1817 2080,1817 2078,1817 2062,1827 1826,1819 1776,1819 1774,1819 1772,1819 1768,1821 1750,1829 1462,1823 1286,1821 1284,1821 1282,1821 1273,1825 1261,1831 1175,1827 1058,1821 1056,1821 986,1829 945,1833 885,1831 758,1823 756,1823 686,1833 660,1835 647,1833 614,1825 612,1825 444,1835 426,1835 425,1835 399,1825 397,1825 395,1825 393,1825 362,1835 310,1825 308,1825 306,1825 282,1833 284,1868"/>
        <Baseline points="284,1868 2179,1858"/>
        <TextEquiv>
          <Unicode>situr har. Hon sigur, at hon hevur dripið ellivu mýs í hjallinun ídag. Prestakonan fer leypandi í</Unicode>
        </TextEquiv>
        <TextEquiv index="0">
          <Unicode>situr har. Hon sigur, at hon hevur dripið ellivu mýs í hjallinun ídag. Prestakonan fer leypandi í</Unicode>
        </TextEquiv>
      </TextLine>
      <TextLine id="eSc_line_ae7aee77" custom="structure {type:default;}">
        <Coords points="284,1972 2117,1968 2119,1942 2113,1911 1930,1911 1922,1909 1879,1897 1877,1897 1875,1897 1873,1897 1850,1909 1826,1897 1824,1897 1822,1897 1821,1897 1789,1909 1787,1909 1783,1909 1721,1897 1719,1897 1665,1909 1639,1915 1516,1915 1505,1909 1495,1903 1493,1903 1491,1903 1460,1907 1429,1913 1395,1907 1345,1899 1343,1899 1341,1899 1314,1907 1306,1909 1282,1907 1202,1899 1201,1899 1124,1907 1082,1911 1033,1907 978,1901 976,1901 974,1901 965,1907 947,1917 857,1917 840,1905 836,1903 834,1903 832,1903 830,1903 809,1905 735,1917 635,1905 612,1903 610,1903 592,1905 522,1917 464,1905 452,1903 450,1903 448,1903 444,1905 413,1917 393,1905 391,1903 389,1903 387,1903 386,1903 282,1903 284,1950"/>
        <Baseline points="284,1950 2119,1942"/>
        <TextEquiv>
          <Unicode>hjallin til at síggja hesar mýs, men fellur í óvit, við tað sama hon sær teir deyðu kropparnar.</Unicode>
        </TextEquiv>
        <TextEquiv index="0">
          <Unicode>hjallin til at síggja hesar mýs, men fellur í óvit, við tað sama hon sær teir deyðu kropparnar.</Unicode>
        </TextEquiv>
      </TextLine>
      <TextLine id="eSc_line_59bdaaab" custom="structure {type:default;}">
        <Coords points="285,2057 2156,2053 2160,2028 2156,1993 1772,1981 1770,1981 1768,1981 1746,1993 1565,1993 1548,1981 1546,1981 1544,1981 1542,1981 1540,1981 1511,1993 1066,1983 1064,1983 865,1995 807,1985 805,1985 627,1995 590,1985 588,1985 586,1985 493,1995 306,1987 304,1987 302,1987 282,1995 284,2034"/>
        <Baseline points="284,2034 2160,2028"/>
        <TextEquiv>
          <Unicode>Hini fara aftaná og fáa hana til at rakna við, og arbeiðskonan sigur teimum nú tilstand sín, og</Unicode>
        </TextEquiv>
        <TextEquiv index="0">
          <Unicode>Hini fara aftaná og fáa hana til at rakna við, og arbeiðskonan sigur teimum nú tilstand sín, og</Unicode>
        </TextEquiv>
      </TextLine>
      <TextLine id="eSc_line_9652fbb5" custom="structure {type:default;}">
        <Coords points="282,2141 2152,2136 2154,2110 2150,2074 280,2074 282,2119"/>
        <Baseline points="282,2119 2154,2110"/>
        <TextEquiv>
          <Unicode>hvat hin undanslopni røvarin hevur lovað henni. Prestur heldur, at tað skal eingin neyð vera:</Unicode>
        </TextEquiv>
        <TextEquiv index="0">
          <Unicode>hvat hin undanslopni røvarin hevur lovað henni. Prestur heldur, at tað skal eingin neyð vera:</Unicode>
        </TextEquiv>
      </TextLine>
      <TextLine id="eSc_line_3c34b2b7" custom="structure {type:default;}">
        <Coords points="286,2228 315,2219 542,2224 647,2226 649,2226 651,2226 664,2223 682,2217 1023,2217 1025,2197 1023,2166 986,2152 984,2152 982,2152 980,2152 978,2152 961,2166 875,2166 867,2166 867,2164 852,2152 850,2152 848,2152 846,2152 844,2152 805,2164 680,2152 678,2152 561,2164 534,2168 489,2168 485,2164 473,2154 471,2154 469,2154 467,2154 282,2162 284,2201"/>
        <Baseline points="284,2201 1025,2197"/>
        <TextEquiv>
          <Unicode>hon skal ongantíð fara út einsumøll.</Unicode>
        </TextEquiv>
        <TextEquiv index="0">
          <Unicode>hon skal ongantíð fara út einsumøll.</Unicode>
        </TextEquiv>
      </TextLine>
      <TextLine id="eSc_line_a5a49c6c" custom="structure {type:default;}">
        <Coords points="315,2308 2179,2301 2179,2273 2175,2240 1980,2228 1978,2228 1976,2228 1955,2238 1941,2228 1939,2228 1937,2228 1936,2228 1934,2228 1904,2238 1873,2228 1871,2228 1869,2228 1867,2228 1842,2240 1772,2230 1770,2230 1659,2242 1657,2242 1631,2230 1629,2230 1518,2230 1516,2230 1514,2230 1487,2242 1425,2234 1423,2234 1206,2244 1181,2234 1179,2234 1177,2234 1175,2234 1173,2234 1156,2246 1017,2246 986,2234 984,2234 982,2234 980,2234 947,2248 848,2248 729,2234 727,2234 586,2248 563,2236 561,2236 341,2236 339,2236 337,2236 313,2248 315,2283"/>
        <Baseline points="315,2283 2179,2273"/>
        <TextEquiv>
          <Unicode>Einusinni komu stórir harrar at gista prestin, og av tí at einki fólk var til hendis í teirri løtuni</Unicode>
        </TextEquiv>
        <TextEquiv index="0">
          <Unicode>Einusinni komu stórir harrar at gista prestin, og av tí at einki fólk var til hendis í teiri ltuni</Unicode>
        </TextEquiv>
      </TextLine>
      <TextLine id="eSc_line_38cce142" custom="structure {type:default;}">
        <Coords points="284,2384 2121,2375 2123,2357 2119,2318 1442,2318 1440,2318 1407,2324 1382,2328 1255,2326 1019,2320 1017,2320 1015,2320 994,2328 988,2330 916,2328 660,2322 658,2322 657,2322 637,2332 635,2332 610,2332 413,2324 411,2324 282,2334 284,2367"/>
        <Baseline points="284,2367 2123,2357"/>
        <TextEquiv>
          <Unicode>uttan hin nevnda arbeiðskonan, varð hon at fara einsumøll út í urtagarðin at heinta urtir til</Unicode>
        </TextEquiv>
        <TextEquiv index="0">
          <Unicode>uttan hin nevnda arbeiðskonan, varð hon at fara einsumøll út í urtagarðin at heinta urtir til</Unicode>
        </TextEquiv>
      </TextLine>
      <TextLine id="eSc_line_44be3d85" custom="structure {type:default;}">
        <Coords points="286,2475 2113,2467 2115,2441 2109,2410 284,2415 286,2449"/>
        <Baseline points="286,2449 2115,2441"/>
        <TextEquiv>
          <Unicode>matin. Best sum hon gongur, er røvarin fyri henni, sleppur millum hana og húsið og forðar</Unicode>
        </TextEquiv>
        <TextEquiv index="0">
          <Unicode>matin. Best sum hon gongur, er røvarin fyri henni, sleppur milum hana og húsið og forðar</Unicode>
        </TextEquiv>
      </TextLine>
      <TextLine id="eSc_line_4ec763be" custom="structure {type:default;}">
        <Coords points="284,2562 1043,2552 1089,2554 1185,2560 1187,2560 1226,2552 1243,2550 1323,2552 1542,2558 1544,2558 1590,2548 1600,2548 1631,2548 1836,2556 1838,2556 1840,2556 1871,2546 1873,2546 1889,2546 2142,2554 2144,2554 2146,2554 2175,2542 2175,2521 2171,2491 2074,2478 2072,2478 2070,2478 2068,2478 2049,2491 1992,2491 1914,2476 1912,2476 1848,2491 1844,2491 1842,2491 1809,2478 1807,2478 1805,2478 1803,2478 1772,2491 1770,2491 1764,2491 1678,2480 1676,2480 1487,2491 1454,2493 1431,2491 1296,2480 1294,2480 1240,2493 1226,2495 1212,2493 1181,2484 1179,2484 1177,2484 1175,2484 1154,2493 1146,2497 939,2497 930,2493 900,2484 898,2484 896,2484 282,2493 284,2532"/>
        <Baseline points="284,2532 2175,2521"/>
        <TextEquiv>
          <Unicode>henni so at sleppa inn aftur. Hon rennur og hann aftaná ígjøgnun skógvin til ein hamara, hvar</Unicode>
        </TextEquiv>
        <TextEquiv index="0">
          <Unicode>henni so at sleppa inn aftur. Hon rennur og hann aftaná ígjøgnun skógvin til ein hamara, hvar</Unicode>
        </TextEquiv>
      </TextLine>
      <TextLine id="eSc_line_0b9e72a3" custom="structure {type:default;}">
        <Coords points="286,2641 376,2649 378,2649 426,2643 454,2639 460,2643 477,2655 479,2655 481,2655 483,2657 571,2657 571,2655 573,2655 610,2643 631,2638 738,2638 758,2643 775,2649 777,2649 779,2649 855,2643 945,2638 1052,2645 1156,2651 1158,2651 1160,2651 1181,2645 1214,2636 1282,2645 1316,2649 1317,2651 1518,2651 1518,2649 1520,2649 1522,2649 1526,2645 1536,2638 1553,2645 1561,2649 1563,2649 1565,2649 1567,2649 1575,2645 1594,2638 1631,2645 1635,2608 1629,2573 1394,2575 1390,2575 1362,2565 1360,2565 1358,2565 1306,2575 1292,2577 1273,2575 1202,2567 1201,2567 1111,2577 1101,2577 1095,2577 1041,2567 1039,2567 1037,2567 1035,2567 1021,2577 1019,2577 883,2569 881,2569 805,2579 803,2579 781,2569 779,2569 777,2569 775,2569 774,2569 762,2579 762,2581 754,2581 658,2581 635,2569 633,2569 631,2569 629,2569 627,2569 627,2571 616,2581 588,2571 586,2571 411,2571 409,2571 341,2581 298,2571 296,2571 294,2571 292,2571 290,2571 290,2573 284,2577 286,2616"/>
        <Baseline points="286,2616 1635,2608"/>
        <TextEquiv>
          <Unicode>berg er fyri - har loypur hon út av og kemur niður í ein grønan dal.</Unicode>
        </TextEquiv>
        <TextEquiv index="0">
          <Unicode>berg er fyri - har loypur hon út av og kemur niður í ein grønan dal.</Unicode>
        </TextEquiv>
      </TextLine>
    </TextRegion>
    <TextRegion id="eSc_textblock_e459742d" custom="structure {type:text;}">
      <Coords points="2125,3023 2197,3039 2181,3099 2090,3084 2097,3031 2125,3023"/>
      <TextLine id="eSc_line_cff9d5bd" custom="structure {type:default;}">
        <Coords points="2099,3037 2099,3076 2100,3090 2184,3091 2189,3076 2187,3062 2177,3037"/>
        <Baseline points="2099,3076 2189,3076"/>
        <TextEquiv>
          <Unicode>103</Unicode>
        </TextEquiv>
        <TextEquiv index="0">
          <Unicode>103</Unicode>
        </TextEquiv>
      </TextLine>
    </TextRegion>
  </Page>
</PcGts>
