<PcGts xmlns="http://schema.primaresearch.org/PAGE/gts/pagecontent/2019-07-15" xmlns:xsi="http://www.w3.org/2001/XMLSchema-instance" xsi:schemaLocation="http://schema.primaresearch.org/PAGE/gts/pagecontent/2019-07-15 http://schema.primaresearch.org/PAGE/gts/pagecontent/2019-07-15/pagecontent.xsd">
  <Metadata>
    <Creator>escriptorium</Creator>
    <Created>2025-03-07T18:28:34.137707+00:00</Created>
    <LastChange>2025-03-08T10:23:51.087365+00:00</LastChange>
  </Metadata>
  <Page imageFilename="heimskringla_20250304_0131.png" imageWidth="2480" imageHeight="3507">
    <TextRegion id="eSc_textblock_eda12a34" custom="structure {type:text;}">
      <Coords points="337,288 2119,296 2166,1081 2111,1276 2025,1369 311,1369 280,1276 280,311 337,288"/>
      <TextLine id="eSc_line_e9bc33c4" custom="structure {type:default;}">
        <Coords points="1963,294 1945,294 1848,301 1840,301 1834,301 1727,294 1709,294 1690,294 1688,294 1649,301 1635,303 1618,301 1561,294 1559,294 1557,294 1532,301 1522,303 1454,301 1280,294 1278,294 1222,301 1181,305 1138,300 1097,296 1095,296 1093,296 1080,300 1062,305 1043,300 1025,296 1023,296 1021,296 990,300 955,305 781,300 705,298 703,298 701,298 699,298 697,300 684,307 300,300 286,305 288,348 288,362 1199,370 1201,370 1353,360 2101,366 2103,366 2105,366 2107,366 2119,356 2119,340 2115,303 1996,303 1994,301 1978,294 1963,294"/>
        <Baseline points="288,348 2119,340"/>
        <TextEquiv>
          <Unicode>Risin hevur so ógvuliga sítt skegg, og meðan hann liggur stillur og</Unicode>
        </TextEquiv>
        <TextEquiv index="0">
          <Unicode>Risin hevur so ógvuliga sítt skegg, og meðan hann liggur stillur og</Unicode>
        </TextEquiv>
      </TextLine>
      <TextLine id="eSc_line_4e2e28b3" custom="structure {type:default;}">
        <Coords points="288,420 288,434 914,440 916,440 961,432 968,430 970,432 988,440 990,440 992,440 1064,430 1076,430 1085,430 1165,440 1167,440 1243,430 1261,428 1292,430 1433,438 1434,438 1436,438 1438,438 1452,428 1454,428 1485,428 1733,436 1735,436 1737,436 1739,436 1752,426 1758,424 1795,426 1891,434 1893,434 2049,424 2051,409 2045,370 286,376 288,420"/>
        <Baseline points="288,420 2051,409"/>
        <TextEquiv>
          <Unicode>hyggur eftir, fær drongurin stappað skegg hansara so við og við</Unicode>
        </TextEquiv>
        <TextEquiv index="0">
          <Unicode>hyggur eftir, fær drongurin stappað skegg hansara so við og við</Unicode>
        </TextEquiv>
      </TextLine>
      <TextLine id="eSc_line_1f79dcf9" custom="structure {type:default;}">
        <Coords points="288,513 2019,508 2021,483 2019,448 1976,436 1975,436 1973,436 1865,446 1588,438 1587,438 1585,438 1559,450 1286,450 1269,438 1267,438 1265,438 1263,438 1150,450 791,440 789,440 717,452 335,442 333,442 331,442 286,453 288,490"/>
        <Baseline points="288,490 2021,483"/>
        <TextEquiv>
          <Unicode>niður í rivurnar, rykkir so kílarnar út úr og rýmur sín veg. Risin</Unicode>
        </TextEquiv>
        <TextEquiv index="0">
          <Unicode>niður í rivurnar, rykkir so kílarnar út úr og rýmur sín veg. Risin</Unicode>
        </TextEquiv>
      </TextLine>
      <TextLine id="eSc_line_ea90cf49" custom="structure {type:default;}">
        <Coords points="292,582 2113,578 2115,553 2111,518 288,516 290,559"/>
        <Baseline points="290,559 2115,553"/>
        <TextEquiv>
          <Unicode>liggur fastur í klótuni og sleppur ongan veg; men Pápaleysi loypur</Unicode>
        </TextEquiv>
        <TextEquiv index="0">
          <Unicode>liggur fastur í klótuni og sleppur ongan veg; men Pápaleysi loypur</Unicode>
        </TextEquiv>
      </TextLine>
      <TextLine id="eSc_line_9bc27065" custom="structure {type:default;}">
        <Coords points="292,631 292,648 627,658 629,658 631,658 649,648 651,648 655,648 709,658 711,658 785,648 805,646 846,648 986,656 988,658 1187,658 1187,656 1189,656 1220,646 1230,644 1241,646 1263,654 1265,654 1267,654 1362,646 1401,644 1411,646 1434,654 1436,654 1438,654 2093,644 2095,623 2088,578 2051,588 1967,578 1957,578 1955,578 1953,578 1951,578 1936,590 1807,590 1785,580 1780,578 1778,578 1776,578 1774,578 1770,580 1752,590 1594,590 1569,582 1563,580 1561,580 1559,580 1520,582 1417,590 1314,584 1236,580 1234,580 1206,586 1171,592 1136,586 1113,582 1111,582 990,586 865,592 826,588 764,582 762,582 725,590 699,594 658,590 604,584 602,584 569,590 549,594 532,590 493,584 491,584 290,592 292,631"/>
        <Baseline points="292,631 2095,623"/>
        <TextEquiv>
          <Unicode>inn eftir vápnapróninun og stingur ígjøgnum risan, so hann doyr í</Unicode>
        </TextEquiv>
        <TextEquiv index="0">
          <Unicode>inn eftir vápnapróninun og stingur ígjøgnum risan, so hann doyr í</Unicode>
        </TextEquiv>
      </TextLine>
      <TextLine id="eSc_line_d0b44ca8" custom="structure {type:default;}">
        <Coords points="294,703 294,716 645,724 647,724 649,724 651,724 664,715 664,699 660,664 477,654 475,654 473,654 454,664 345,656 343,656 292,666 294,703"/>
        <Baseline points="294,703 664,699"/>
        <TextEquiv>
          <Unicode>sama bragdi.</Unicode>
        </TextEquiv>
        <TextEquiv index="0">
          <Unicode>sama bragdi.</Unicode>
        </TextEquiv>
      </TextLine>
      <TextLine id="eSc_line_c2a54d7d" custom="structure {type:default;}">
        <Coords points="352,801 2131,791 2134,767 2129,720 348,728 350,773"/>
        <Baseline points="350,773 2134,767"/>
        <TextEquiv>
          <Unicode>So tekur Pápaleysi alt gullið, í hellinun er, og fer heim aftur við tí</Unicode>
        </TextEquiv>
        <TextEquiv index="0">
          <Unicode>So tekur Pápaleysi alt gullið, í hellinun er, og fer heim aftur við tí</Unicode>
        </TextEquiv>
      </TextLine>
      <TextLine id="eSc_line_f140ae47" custom="structure {type:default;}">
        <Coords points="292,845 292,859 746,855 746,841 742,804 674,794 672,794 670,794 668,794 655,804 653,804 643,804 575,796 573,796 436,804 407,806 403,804 389,794 387,794 386,794 321,794 319,794 317,794 290,802 292,845"/>
        <Baseline points="292,845 746,841"/>
        <TextEquiv>
          <Unicode>til harramannin.</Unicode>
        </TextEquiv>
        <TextEquiv index="0">
          <Unicode>til harramannin.</Unicode>
        </TextEquiv>
      </TextLine>
      <TextLine id="eSc_line_313bc14d" custom="structure {type:default;}">
        <Coords points="345,940 2124,937 2125,907 2121,868 2033,859 2031,859 2029,859 2027,859 2015,868 2012,870 1891,870 1881,868 1799,857 1797,857 1748,868 1737,870 1694,868 1561,861 1559,861 1557,861 1536,868 1530,870 1520,868 1466,859 1464,859 1390,868 1362,874 1163,874 1158,870 1138,861 1136,861 1134,861 1132,861 1115,870 1107,874 1011,874 961,870 879,863 877,863 875,863 852,870 842,872 830,870 793,863 715,863 713,863 711,863 709,863 697,870 690,874 680,870 664,865 662,865 660,865 343,870 345,917"/>
        <Baseline points="345,917 2125,907"/>
        <TextEquiv>
          <Unicode>Eina tíð eftir biður hann um harramansdóttrina, og tá kemur tað</Unicode>
        </TextEquiv>
        <TextEquiv index="0">
          <Unicode>Eina tíð eftir biður hann um harramansdóttrina, og tá kemur tað</Unicode>
        </TextEquiv>
      </TextLine>
      <TextLine id="eSc_line_1b54d0c3" custom="structure {type:default;}">
        <Coords points="290,1018 2126,1003 2127,980 2121,937 1780,941 1776,939 1760,931 1758,931 1756,931 1754,931 1752,931 1743,939 1737,944 1573,944 1534,941 1431,933 1429,933 1427,933 1397,941 1386,944 1347,942 1263,935 1261,935 1220,942 1210,944 1201,942 1162,935 1160,935 1115,944 1109,944 1103,944 1072,935 1070,935 1068,935 1066,935 1031,944 1019,948 875,948 871,946 859,937 857,937 855,937 705,937 703,937 596,948 581,948 549,948 313,939 311,939 310,939 288,946 290,989"/>
        <Baseline points="290,989 2127,980"/>
        <TextEquiv>
          <Unicode>óvæntaða uppá, at harramaðurin sigir nei. Pápaleysi ber ofta uppá</Unicode>
        </TextEquiv>
        <TextEquiv index="0">
          <Unicode>óvæntaða uppá, at harramaðurin sigir nei. Pápaleysi ber ofta uppá</Unicode>
        </TextEquiv>
      </TextLine>
      <TextLine id="eSc_line_d5cde568" custom="structure {type:default;}">
        <Coords points="290,1057 290,1077 2156,1075 2156,1048 2152,1009 772,1009 770,1009 641,1018 633,1018 621,1018 364,1011 362,1011 288,1020 290,1057"/>
        <Baseline points="290,1057 2156,1048"/>
        <TextEquiv>
          <Unicode>mál við harramannin um bønarorð síni og spyr, um hann er ikki nóg</Unicode>
        </TextEquiv>
        <TextEquiv index="0">
          <Unicode>mál við harramannin um bønarorð síni og spyr, um hann er ikki nóg</Unicode>
        </TextEquiv>
      </TextLine>
      <TextLine id="eSc_line_b3c65a85" custom="structure {type:default;}">
        <Coords points="293,1153 2109,1152 2109,1122 2105,1083 327,1081 325,1081 323,1081 288,1091 290,1128"/>
        <Baseline points="290,1128 2109,1122"/>
        <TextEquiv>
          <Unicode>ríkur enn, men harramaðurin dregur altíð undan. Til endan verður</Unicode>
        </TextEquiv>
        <TextEquiv index="0">
          <Unicode>ríkur enn, men harramaðurin dregur altíð undan. Til endan verður</Unicode>
        </TextEquiv>
      </TextLine>
      <TextLine id="eSc_line_d735e8c6" custom="structure {type:default;}">
        <Coords points="294,1202 294,1219 2115,1215 2115,1194 2111,1157 292,1157 294,1202"/>
        <Baseline points="294,1202 2115,1194"/>
        <TextEquiv>
          <Unicode>hann at ganga við, at hann sjálvur er pápi hansara, og av tí at tey</Unicode>
        </TextEquiv>
        <TextEquiv index="0">
          <Unicode>hann at ganga við, at hann sjálvur er pápi hansara, og av tí at tey</Unicode>
        </TextEquiv>
      </TextLine>
      <TextLine id="eSc_line_ca8a9095" custom="structure {type:default;}">
        <Coords points="296,1270 296,1287 1824,1285 1824,1270 1824,1231 1785,1221 1783,1221 1782,1221 887,1231 863,1221 861,1221 859,1221 857,1221 855,1221 838,1233 707,1233 639,1221 637,1221 504,1231 458,1221 456,1221 454,1221 434,1231 419,1221 417,1221 415,1221 413,1221 411,1221 409,1221 395,1233 296,1233 296,1270"/>
        <Baseline points="296,1270 1824,1270"/>
        <TextEquiv>
          <Unicode>eru hálvsystkin, gentan og hann, kunnu tey ikki giftast.</Unicode>
        </TextEquiv>
        <TextEquiv index="0">
          <Unicode>eru hálvsystkin, gentan og hann, kunnu tey ikki giftast.</Unicode>
        </TextEquiv>
      </TextLine>
      <TextLine id="eSc_line_bf116684" custom="structure {type:default;}">
        <Coords points="350,1344 350,1377 561,1375 577,1379 604,1387 606,1387 608,1387 610,1387 612,1387 621,1379 629,1373 824,1373 834,1377 857,1389 859,1389 861,1391 1185,1391 1185,1389 1335,1377 1358,1387 1360,1387 1362,1389 1528,1389 1528,1387 1530,1387 1553,1375 1561,1371 1581,1375 1620,1381 1622,1381 1686,1373 1729,1369 1744,1373 1782,1385 1783,1385 1785,1385 1787,1385 1811,1373 1817,1371 1828,1373 1887,1385 1889,1385 1891,1385 1928,1373 1936,1371 2021,1371 2023,1336 2019,1297 1737,1297 1713,1285 1711,1285 1709,1285 1707,1285 1705,1285 1688,1297 1663,1297 1561,1297 1532,1297 1317,1287 1316,1287 1314,1287 1312,1287 1300,1297 1298,1299 1181,1301 1035,1301 1031,1297 1021,1289 1019,1289 1017,1289 1015,1289 1013,1289 996,1297 992,1299 976,1297 916,1289 787,1289 785,1289 783,1289 781,1289 770,1297 764,1301 717,1297 637,1291 635,1291 348,1297 350,1344"/>
        <Baseline points="350,1344 2023,1336"/>
        <TextEquiv>
          <Unicode>So fór Pápaleysi haðan burtur og giftist við eini aðrari gentu.</Unicode>
        </TextEquiv>
        <TextEquiv index="0">
          <Unicode>So fór Pápaleysi haðan burtur og giftist við eini aðrari gentu.</Unicode>
        </TextEquiv>
      </TextLine>
    </TextRegion>
    <TextRegion id="eSc_textblock_65fc22b8" custom="structure {type:text;}">
      <Coords points="2084,3062 2189,3062 2205,3138 2082,3146 2084,3062"/>
      <TextLine id="eSc_line_b7f06276" custom="structure {type:default;}">
        <Coords points="2078,3074 2082,3123 2082,3144 2131,3160 2132,3160 2134,3160 2136,3160 2191,3138 2191,3119 2192,3076 2181,3072"/>
        <Baseline points="2082,3123 2191,3124"/>
        <TextEquiv>
          <Unicode>127</Unicode>
        </TextEquiv>
        <TextEquiv index="0">
          <Unicode>127</Unicode>
        </TextEquiv>
      </TextLine>
    </TextRegion>
  </Page>
</PcGts>
