<PcGts xmlns="http://schema.primaresearch.org/PAGE/gts/pagecontent/2019-07-15" xmlns:xsi="http://www.w3.org/2001/XMLSchema-instance" xsi:schemaLocation="http://schema.primaresearch.org/PAGE/gts/pagecontent/2019-07-15 http://schema.primaresearch.org/PAGE/gts/pagecontent/2019-07-15/pagecontent.xsd">
  <Metadata>
    <Creator>escriptorium</Creator>
    <Created>2025-03-07T18:28:32.490018+00:00</Created>
    <LastChange>2025-03-07T21:32:33.858470+00:00</LastChange>
  </Metadata>
  <Page imageFilename="heimskringla_20250304_0129.png" imageWidth="2480" imageHeight="3507">
    <TextRegion id="eSc_textblock_8f637957" custom="structure {type:text;}">
      <Coords points="352,288 1448,288 1512,342 2189,374 2150,863 2197,1502 2181,1626 2119,1769 2127,1946 2181,2096 2181,2328 2166,2406 2134,2423 2158,2540 2134,2632 2189,2751 2189,2858 1598,2873 1526,2928 1433,2936 296,2928 280,615 288,444 352,288"/>
      <TextLine id="eSc_line_52b92ec5" custom="structure {type:default;}">
        <Coords points="354,367 1439,362 1442,335 1436,288 1345,300 1185,292 1183,292 1181,292 1179,292 1162,303 1123,303 1109,290 1107,290 1105,290 1103,290 1101,290 1060,301 1009,290 1006,290 1004,290 1002,290 1000,290 961,301 935,290 933,290 931,290 930,290 894,292 623,305 612,296 612,294 610,294 608,294 606,294 506,305 464,294 462,294 460,294 458,294 352,294 354,342"/>
        <Baseline points="354,342 1442,335"/>
        <TextEquiv>
          <Unicode>"Fjør mítt, so ert tú sterkari enn eg nú."</Unicode>
        </TextEquiv>
        <TextEquiv index="0">
          <Unicode>"Fjør mítt, so ert tú sterkari enn eg nú."</Unicode>
        </TextEquiv>
      </TextLine>
      <TextLine id="eSc_line_7a064a4a" custom="structure {type:default;}">
        <Coords points="2140,370 2121,370 2101,370 2084,368 2070,368 2062,368 2058,366 1665,360 1663,360 347,372 348,413 348,430 2173,432 2177,407 2173,372 2160,372"/>
        <Baseline points="348,413 2177,407"/>
        <TextEquiv>
          <Unicode>Tá ið teir eru komnir at húsum, loypur Lokki so kvikur niður av, og</Unicode>
        </TextEquiv>
        <TextEquiv index="0">
          <Unicode>Tá ið teir eru komnir at húsum, loypur Lokki so kvikur niður av, og</Unicode>
        </TextEquiv>
      </TextLine>
      <TextLine id="eSc_line_bff1a42b" custom="structure {type:default;}">
        <Coords points="291,508 1088,506 1087,485 1087,446 1007,434 1006,434 1004,434 972,444 972,446 830,446 830,444 820,436 820,434 818,434 816,434 814,434 752,444 748,446 618,446 618,444 608,436 608,434 606,434 604,434 602,434 292,442 292,485"/>
        <Baseline points="292,485 1087,485"/>
        <TextEquiv>
          <Unicode>báðir at klúgva viðin sundur.</Unicode>
        </TextEquiv>
        <TextEquiv index="0">
          <Unicode>báðir at klúgva viðin sundur.</Unicode>
        </TextEquiv>
      </TextLine>
      <TextLine id="eSc_line_72161042" custom="structure {type:default;}">
        <Coords points="343,557 343,572 2156,572 2158,547 2154,510 1918,498 1916,498 1805,510 1789,510 1772,510 1647,500 1645,500 1643,500 1641,500 1627,510 1624,512 1472,512 1470,510 1442,500 1440,500 1438,500 1436,500 1399,510 1388,512 1370,510 1319,502 1317,502 1316,502 1290,510 1282,512 1273,510 1238,502 1236,502 1185,510 1167,512 1146,510 1072,502 1070,502 1068,502 1050,510 1043,516 892,516 883,510 865,504 863,504 861,504 775,510 703,516 674,510 649,506 647,506 341,510 343,557"/>
        <Baseline points="343,557 2158,547"/>
        <TextEquiv>
          <Unicode>Nú er einki vatn. Hvør avstað við sínari tunnu, fylla vatn í og fatla</Unicode>
        </TextEquiv>
        <TextEquiv index="0">
          <Unicode>Nú er einki vatn. Hvør avstað við sínari tunnu, fylla vatn í og fatla</Unicode>
        </TextEquiv>
      </TextLine>
      <TextLine id="eSc_line_7e148072" custom="structure {type:default;}">
        <Coords points="291,654 2138,645 2140,619 2136,584 1871,584 1844,572 1842,572 1840,572 1760,584 1750,584 1729,584 1583,574 1581,574 1417,584 1370,586 1343,584 1267,576 1265,576 1263,576 1247,584 1241,586 1224,584 1165,576 1163,576 1062,584 1009,588 998,584 980,578 978,578 976,578 974,578 955,584 943,588 935,584 922,578 920,578 918,578 916,578 891,584 875,588 853,584 816,578 709,578 707,578 705,578 703,578 696,584 690,588 657,584 612,580 610,580 608,580 606,580 600,584 590,590 555,584 524,580 522,580 288,584 290,629"/>
        <Baseline points="290,629 2140,619"/>
        <TextEquiv>
          <Unicode>tær. Risin vil uppaftur hava Lokka at ganga undan, men hann sigur</Unicode>
        </TextEquiv>
        <TextEquiv index="0">
          <Unicode>tær. Risin vil uppaftur hava Lokka at ganga undan, men hann sigur</Unicode>
        </TextEquiv>
      </TextLine>
      <TextLine id="eSc_line_2bdc4bc2" custom="structure {type:default;}">
        <Coords points="290,701 290,715 2090,707 2092,691 2088,652 1011,646 1009,646 961,656 368,650 366,650 288,660 290,701"/>
        <Baseline points="290,701 2092,691"/>
        <TextEquiv>
          <Unicode>nei. Tá ið risin hevur fingið tunnuna uppá bakið, hevur Lokki sína</Unicode>
        </TextEquiv>
        <TextEquiv index="0">
          <Unicode>nei. Tá ið risin hevur fingið tunnuna uppá bakið, hevur Lokki sína</Unicode>
        </TextEquiv>
      </TextLine>
      <TextLine id="eSc_line_a01d7f9b" custom="structure {type:default;}">
        <Coords points="290,769 290,787 2113,783 2115,763 2109,718 1212,728 1181,726 1093,718 1091,718 1089,718 1068,726 1064,728 1045,728 953,720 951,720 904,728 891,730 850,730 631,720 629,720 627,720 604,732 350,732 310,720 308,720 306,720 304,720 302,720 288,728 290,769"/>
        <Baseline points="290,769 2115,763"/>
        <TextEquiv>
          <Unicode>tunnu omaná risans og seg sjálvan ovastan. Ógvuliga tungt er hjá</Unicode>
        </TextEquiv>
        <TextEquiv index="0">
          <Unicode>tunnu omaná risans og seg sjálvan ovastan. Ógvuliga tungt er hjá</Unicode>
        </TextEquiv>
      </TextLine>
      <TextLine id="eSc_line_a7398993" custom="structure {type:default;}">
        <Coords points="292,841 292,857 2097,849 2099,833 2095,798 290,796 292,841"/>
        <Baseline points="292,841 2099,833"/>
        <TextEquiv>
          <Unicode>risanun, hann orkar illa at bera og væntar sær ikki at koma fram.</Unicode>
        </TextEquiv>
        <TextEquiv index="0">
          <Unicode>risanun, hann orkar illa at bera og væntar sær ikki at koma fram.</Unicode>
        </TextEquiv>
      </TextLine>
      <TextLine id="eSc_line_0c5c1335" custom="structure {type:default;}">
        <Coords points="292,911 292,927 2142,923 2144,905 2140,868 2027,857 2025,857 2023,857 1994,867 1821,857 1819,857 1524,868 1473,859 1472,859 1240,868 1085,859 1084,859 1000,868 953,859 951,859 892,870 308,861 306,861 304,861 302,861 290,868 292,911"/>
        <Baseline points="292,911 2144,905"/>
        <TextEquiv>
          <Unicode>Hann spyr Lokka, um tað er ikki tungt hjá honum, men Lokki sigur,</Unicode>
        </TextEquiv>
        <TextEquiv index="0">
          <Unicode>Hann spyr Lokka, um tað er ikki tungt hjá honum, men Lokki sigur,</Unicode>
        </TextEquiv>
      </TextLine>
      <TextLine id="eSc_line_57ca032b" custom="structure {type:default;}">
        <Coords points="292,981 292,997 2047,991 2049,976 2045,941 1996,929 1994,929 1762,939 1618,929 1616,929 1567,939 1511,929 1509,929 1423,941 1294,931 1292,931 1290,931 1253,941 1238,931 1236,931 1234,931 1232,931 1230,931 1228,931 1214,942 951,942 920,931 918,931 916,931 914,931 912,931 896,941 690,933 688,933 686,933 653,942 339,933 337,933 335,933 290,944 292,981"/>
        <Baseline points="292,981 2049,976"/>
        <TextEquiv>
          <Unicode>at hann følir aldrig til: hann er so kaldur og fær ikki sveittan út.</Unicode>
        </TextEquiv>
        <TextEquiv index="0">
          <Unicode>at hann følir aldrig til: hann er so kaldur og fær ikki sveittan út.</Unicode>
        </TextEquiv>
      </TextLine>
      <TextLine id="eSc_line_621fb886" custom="structure {type:default;}">
        <Coords points="350,1055 350,1081 438,1069 1214,1077 1216,1077 1401,1065 1680,1075 1682,1075 1731,1065 1900,1073 1902,1073 2078,1063 2146,1073 2150,1048 2144,1005 348,1005 350,1055"/>
        <Baseline points="350,1055 2150,1048"/>
        <TextEquiv>
          <Unicode>Tá ið teir eru komnir at húsum, loypur Lokki niður av, og báðir at</Unicode>
        </TextEquiv>
        <TextEquiv index="0">
          <Unicode>Tá ið teir eru komnir at húsum, loypur Lokki niður av, og báðir at</Unicode>
        </TextEquiv>
      </TextLine>
      <TextLine id="eSc_line_f8a1dff1" custom="structure {type:default;}">
        <Coords points="292,1128 292,1143 2136,1135 2138,1120 2134,1081 290,1081 292,1128"/>
        <Baseline points="292,1128 2138,1120"/>
        <TextEquiv>
          <Unicode>lata upp yvir. Nú ið potturin fer at kóka, tekur fløt at renna omaná.</Unicode>
        </TextEquiv>
        <TextEquiv index="0">
          <Unicode>lata upp yvir. Nú ið potturin fer at kóka, tekur fløt at renna omaná.</Unicode>
        </TextEquiv>
      </TextLine>
      <TextLine id="eSc_line_0e52c3b4" custom="structure {type:default;}">
        <Coords points="294,1219 2086,1216 2088,1190 2084,1151 1752,1141 1750,1141 1649,1151 1633,1153 292,1153 294,1198"/>
        <Baseline points="294,1198 2088,1190"/>
        <TextEquiv>
          <Unicode>Risin ger striku við sleivini mitt ígjøgnun løgin til mark: hvør skal</Unicode>
        </TextEquiv>
        <TextEquiv index="0">
          <Unicode>Risin ger striku við sleivini mitt ígjøgnun løgin til mark: hvør skal</Unicode>
        </TextEquiv>
      </TextLine>
      <TextLine id="eSc_line_044ed087" custom="structure {type:default;}">
        <Coords points="294,1292 1980,1282 1982,1262 1978,1223 1175,1215 1173,1215 1171,1215 1132,1225 337,1219 335,1219 333,1219 292,1229 294,1270"/>
        <Baseline points="294,1270 1982,1262"/>
        <TextEquiv>
          <Unicode>eiga sínumegin. So tekur hvør sín drýl at drepa niður í fløitið.</Unicode>
        </TextEquiv>
        <TextEquiv index="0">
          <Unicode>eiga sínumegin. So tekur hvør sín drýl at drepa niður í fløitið.</Unicode>
        </TextEquiv>
      </TextLine>
      <TextLine id="eSc_line_ad6118fe" custom="structure {type:default;}">
        <Coords points="343,1340 343,1356 2158,1348 2160,1332 2154,1282 1670,1291 1468,1287 1255,1283 1253,1283 1251,1283 1230,1289 1216,1293 1089,1291 797,1285 795,1285 793,1285 768,1295 764,1295 717,1295 366,1287 364,1287 362,1287 341,1295 343,1340"/>
        <Baseline points="343,1340 2160,1332"/>
        <TextEquiv>
          <Unicode>Lokki koyrur vatn í eldin, har sum hann sjálvur situr, at fløtið skal</Unicode>
        </TextEquiv>
        <TextEquiv index="0">
          <Unicode>Lokki koyrur vatn í eldin, har sum hann sjálvur situr, at fløtið skal</Unicode>
        </TextEquiv>
      </TextLine>
      <TextLine id="eSc_line_b6a3b926" custom="structure {type:default;}">
        <Coords points="294,1410 294,1426 2177,1420 2179,1404 2175,1367 2119,1354 2117,1354 2054,1367 1943,1367 1914,1354 1912,1354 1910,1354 1908,1354 1883,1367 1783,1367 1754,1354 1752,1354 1635,1354 1633,1354 1631,1354 1629,1354 1616,1363 1587,1354 1585,1354 1583,1354 1481,1367 1433,1356 1431,1356 1429,1356 1360,1367 1234,1356 1232,1356 1230,1356 1228,1356 1212,1365 1111,1357 1109,1357 1027,1367 955,1356 953,1356 951,1356 896,1369 495,1357 493,1357 491,1357 465,1371 292,1371 294,1410"/>
        <Baseline points="294,1410 2179,1404"/>
        <TextEquiv>
          <Unicode>renna til sín. Risin spyr, hvussu tað ber til, at einki fløt er sínumegin.</Unicode>
        </TextEquiv>
        <TextEquiv index="0">
          <Unicode>renna til sín. Risin spyr, hvussu tað ber til, at einki fløt er sínumegin.</Unicode>
        </TextEquiv>
      </TextLine>
      <TextLine id="eSc_line_8c680eaf" custom="structure {type:default;}">
        <Coords points="300,1482 300,1500 2183,1492 2183,1472 2177,1430 298,1433 300,1482"/>
        <Baseline points="300,1482 2183,1472"/>
        <TextEquiv>
          <Unicode>Tað ger tað, sigur Lokki, at hann leggur ov lítlan við á eldin, har sum</Unicode>
        </TextEquiv>
        <TextEquiv index="0">
          <Unicode>Tað ger tað, sigur Lokki, at hann leggur ov lítlan við á eldin, har sum</Unicode>
        </TextEquiv>
      </TextLine>
      <TextLine id="eSc_line_ac27c852" custom="structure {type:default;}">
        <Coords points="294,1552 294,1568 2142,1564 2144,1546 2140,1509 292,1508 294,1552"/>
        <Baseline points="294,1552 2144,1546"/>
        <TextEquiv>
          <Unicode>hann situr: tað kókar ov mikið hjá honum. Risin koyrir ak meira og</Unicode>
        </TextEquiv>
        <TextEquiv index="0">
          <Unicode>hann situr: tað kókar ov mikið hjá honum. Risin koyrir ak meira og</Unicode>
        </TextEquiv>
      </TextLine>
      <TextLine id="eSc_line_8fca9856" custom="structure {type:default;}">
        <Coords points="294,1626 294,1644 2158,1638 2160,1617 2156,1578 1799,1572 1797,1572 1795,1572 1793,1572 1783,1580 1780,1583 1641,1583 1627,1582 1557,1572 1555,1572 1553,1572 1526,1582 1524,1582 1516,1582 1423,1572 1421,1572 1319,1583 1306,1583 1284,1583 1109,1574 1107,1574 1039,1585 1029,1585 1017,1585 910,1576 908,1576 826,1585 766,1576 764,1576 762,1576 742,1585 508,1578 506,1578 460,1587 368,1578 366,1578 292,1589 294,1626"/>
        <Baseline points="294,1626 2160,1617"/>
        <TextEquiv>
          <Unicode>meira við inn undir pottin, so tað spruttkókar hansara megin, og alt</Unicode>
        </TextEquiv>
        <TextEquiv index="0">
          <Unicode>meira við inn undir pottin, so tað spruttkókar hansara megin, og alt</Unicode>
        </TextEquiv>
      </TextLine>
      <TextLine id="eSc_line_238eaaaa" custom="structure {type:default;}">
        <Coords points="294,1719 1737,1720 1739,1693 1735,1658 1516,1644 1514,1644 1512,1644 1511,1644 1489,1658 1362,1658 1314,1644 1312,1644 1310,1644 1146,1656 1121,1644 1119,1644 1117,1644 1115,1644 1091,1656 1017,1644 1015,1644 1013,1644 1011,1644 1011,1646 1000,1658 998,1659 937,1659 935,1658 922,1646 920,1646 918,1646 916,1646 852,1658 846,1658 842,1658 809,1646 807,1646 754,1646 752,1646 750,1646 748,1646 735,1658 733,1658 697,1646 696,1646 694,1646 621,1658 614,1658 606,1658 524,1646 522,1646 348,1656 317,1646 315,1646 313,1646 311,1646 292,1654 294,1696"/>
        <Baseline points="294,1696 1739,1693"/>
        <TextEquiv>
          <Unicode>fløtið rekur yvir til Lokka. Illa hugnar hetta risanum.</Unicode>
        </TextEquiv>
        <TextEquiv index="0">
          <Unicode>fløtið rekur yvir til Lokka. Illa hugnar hetta risanum.</Unicode>
        </TextEquiv>
      </TextLine>
      <TextLine id="eSc_line_53a3591f" custom="structure {type:default;}">
        <Coords points="350,1771 350,1784 2084,1774 2086,1761 2082,1720 1976,1708 1975,1708 1754,1720 1733,1720 1690,1720 1319,1712 1317,1712 1316,1712 1314,1712 1302,1720 1298,1724 1208,1724 1193,1722 1117,1712 1115,1712 1039,1722 1013,1724 996,1722 955,1714 953,1714 348,1722 350,1771"/>
        <Baseline points="350,1771 2086,1761"/>
        <TextEquiv>
          <Unicode>Tá ið kókað er, fylla teir kjøtið upp í eitt trog. Risin biður Lokka</Unicode>
        </TextEquiv>
        <TextEquiv index="0">
          <Unicode>Tá ið kókað er, fylla teir kjøtið upp í eitt trog. Risin biður Lokka</Unicode>
        </TextEquiv>
      </TextLine>
      <TextLine id="eSc_line_d2e3e66a" custom="structure {type:default;}">
        <Coords points="296,1839 296,1858 2072,1856 2074,1833 2070,1794 294,1790 296,1839"/>
        <Baseline points="296,1839 2074,1833"/>
        <TextEquiv>
          <Unicode>býta kjøtið sundur í tveir partar. Lokki sker alt kjøtið uttan av og</Unicode>
        </TextEquiv>
        <TextEquiv index="0">
          <Unicode>býta kjøtið sundur í tveir partar. Lokki sker alt kjøtið uttan av og</Unicode>
        </TextEquiv>
      </TextLine>
      <TextLine id="eSc_line_069c049d" custom="structure {type:default;}">
        <Coords points="296,1911 296,1932 2093,1919 2095,1903 2092,1866 1922,1854 1920,1854 1852,1864 1819,1854 1817,1854 1815,1854 1813,1854 1811,1854 1795,1866 1643,1866 1610,1866 1448,1856 1446,1856 1347,1866 1327,1866 1316,1866 1261,1856 1259,1856 1206,1866 1187,1868 1169,1866 1136,1858 1134,1858 1089,1866 1068,1868 1029,1866 949,1858 947,1858 879,1866 846,1868 830,1866 797,1858 795,1858 692,1866 614,1870 600,1866 586,1860 584,1860 582,1860 555,1866 530,1870 522,1866 516,1860 514,1860 512,1860 510,1860 475,1866 438,1870 294,1866 296,1911"/>
        <Baseline points="296,1911 2095,1903"/>
        <TextEquiv>
          <Unicode>leggur so beinini í annan partin og kjøtið í annan, men breiðir ein</Unicode>
        </TextEquiv>
        <TextEquiv index="0">
          <Unicode>leggur so beinini í annan partin og kjøtið í annan, men breiðir ein</Unicode>
        </TextEquiv>
      </TextLine>
      <TextLine id="eSc_line_d73ba5bd" custom="structure {type:default;}">
        <Coords points="296,1985 296,2002 2010,1997 2012,1973 2008,1934 1822,1923 1821,1923 1705,1934 1522,1924 1520,1924 1518,1924 1516,1924 1501,1934 1327,1926 1325,1926 1199,1936 1156,1926 1154,1926 1152,1926 1091,1936 990,1928 988,1928 986,1928 984,1928 970,1938 908,1928 906,1928 904,1928 857,1940 670,1930 668,1930 616,1940 584,1930 582,1930 581,1930 479,1942 364,1932 362,1932 294,1944 296,1985"/>
        <Baseline points="296,1985 2012,1973"/>
        <TextEquiv>
          <Unicode>stóran feitan bita út yvir beinini og biður so risan taka. Nú eru</Unicode>
        </TextEquiv>
        <TextEquiv index="0">
          <Unicode>stóran feitan bita út yvir beinini og biður so risan taka. Nú eru</Unicode>
        </TextEquiv>
      </TextLine>
      <TextLine id="eSc_line_0f8c7997" custom="structure {type:default;}">
        <Coords points="296,2057 296,2071 2142,2059 2144,2045 2140,2006 1975,1995 1973,1995 1971,1995 1937,2004 1924,1995 1922,1995 1920,1995 1918,1995 1916,1995 1897,2004 1741,1997 1739,1997 1614,2006 1528,1997 1526,1997 1329,2008 1173,2000 1171,2000 1169,2000 1148,2010 1115,2000 1113,2000 1111,2000 980,2010 912,2000 910,2000 717,2012 682,2002 680,2002 678,2002 631,2012 606,2002 604,2002 602,2002 503,2014 327,2004 325,2004 323,2004 294,2014 296,2057"/>
        <Baseline points="296,2057 2144,2045"/>
        <TextEquiv>
          <Unicode>stjørnur í risanun, tá ið hann krámar eftir tí feita partinun. Lokki er</Unicode>
        </TextEquiv>
        <TextEquiv index="0">
          <Unicode>stjørnur í risanun, tá ið hann krámar eftir tí feita partinun. Lokki er</Unicode>
        </TextEquiv>
      </TextLine>
      <TextLine id="eSc_line_2a742f5f" custom="structure {type:default;}">
        <Coords points="294,2127 294,2143 2154,2131 2156,2115 2150,2074 292,2082 294,2127"/>
        <Baseline points="294,2127 2156,2115"/>
        <TextEquiv>
          <Unicode>fróður, nú ið hann fær alt kjøtið; men einki er um risan, tí hann fær</Unicode>
        </TextEquiv>
        <TextEquiv index="0">
          <Unicode>fróður, nú ið hann fær alt kjøtið; men einki er um risan, tí hann fær</Unicode>
        </TextEquiv>
      </TextLine>
      <TextLine id="eSc_line_bfdb632b" custom="structure {type:default;}">
        <Coords points="294,2221 1676,2215 1676,2189 1672,2152 1263,2141 1261,2141 1259,2141 1210,2152 972,2143 970,2143 968,2143 967,2143 953,2152 933,2143 931,2143 930,2143 928,2143 898,2152 889,2143 887,2143 885,2143 756,2143 754,2143 752,2143 750,2143 736,2154 703,2145 701,2145 699,2145 491,2154 387,2145 386,2145 292,2156 294,2195"/>
        <Baseline points="294,2195 1676,2189"/>
        <TextEquiv>
          <Unicode>ov lítið. Lokki beinir fyri tí, sum av loypur hjá sær.</Unicode>
        </TextEquiv>
        <TextEquiv index="0">
          <Unicode>ov lítið. Lokki beinir fyri tí, sum av loypur hjá sær.</Unicode>
        </TextEquiv>
      </TextLine>
      <TextLine id="eSc_line_9bee9c0b" custom="structure {type:default;}">
        <Coords points="348,2267 348,2281 2168,2275 2168,2260 2162,2213 1592,2221 1493,2219 1277,2211 1275,2211 1058,2223 1031,2223 1027,2223 990,2213 988,2213 986,2213 852,2223 830,2213 828,2213 826,2213 824,2213 795,2224 793,2224 764,2224 370,2215 368,2215 366,2215 364,2215 347,2224 348,2267"/>
        <Baseline points="348,2267 2168,2260"/>
        <TextEquiv>
          <Unicode>Síðan leggjast teir og sova í hópi báðir, Lokki ovari og risin fremri.</Unicode>
        </TextEquiv>
        <TextEquiv index="0">
          <Unicode>Síðan leggjast teir og sova í hópi báðir, Lokki ovari og risin fremri.</Unicode>
        </TextEquiv>
      </TextLine>
      <TextLine id="eSc_line_4fccbc2a" custom="structure {type:default;}">
        <Coords points="301,2359 2162,2354 2162,2330 2158,2291 1809,2281 1807,2281 1805,2281 1782,2291 1760,2291 1481,2283 1479,2283 1421,2293 1411,2293 1376,2293 1162,2285 1160,2285 298,2295 300,2339"/>
        <Baseline points="300,2339 2162,2330"/>
        <TextEquiv>
          <Unicode>Tá ið risin er sovnaður, skotrar Lokki hann fram á gólv. Risin vaknar</Unicode>
        </TextEquiv>
        <TextEquiv index="0">
          <Unicode>Tá ið risin er sovnaður, skotrar Lokki hann fram á gólv. Risin vaknar</Unicode>
        </TextEquiv>
      </TextLine>
      <TextLine id="eSc_line_9347b1b5" custom="structure {type:default;}">
        <Coords points="298,2410 298,2429 2054,2429 2056,2402 2053,2365 1694,2353 1692,2353 1569,2365 1546,2355 1544,2355 1542,2355 1540,2355 1518,2365 1433,2355 1431,2355 1384,2365 1241,2355 1240,2355 1238,2355 1216,2365 1193,2355 1191,2355 1189,2355 1124,2367 892,2357 891,2357 775,2367 738,2357 736,2357 735,2357 733,2357 731,2357 713,2371 497,2371 464,2359 462,2359 460,2359 458,2359 434,2369 389,2359 387,2359 296,2371 298,2410"/>
        <Baseline points="298,2410 2056,2402"/>
        <TextEquiv>
          <Unicode>og loypur attur í songina at berja Lokka, koyrir hann fram úr og</Unicode>
        </TextEquiv>
        <TextEquiv index="0">
          <Unicode>og loypur attur í songina at berja Lokka, koyrir hann fram úr og</Unicode>
        </TextEquiv>
      </TextLine>
      <TextLine id="eSc_line_abf7010e" custom="structure {type:default;}">
        <Coords points="298,2482 298,2495 352,2505 354,2505 846,2495 846,2482 846,2445 766,2433 764,2433 690,2443 682,2445 594,2445 592,2443 582,2433 581,2433 579,2433 577,2433 298,2439 298,2482"/>
        <Baseline points="298,2482 846,2482"/>
        <TextEquiv>
          <Unicode>leggst sjálvur aftur.</Unicode>
        </TextEquiv>
        <TextEquiv index="0">
          <Unicode>leggst sjálvur aftur.</Unicode>
        </TextEquiv>
      </TextLine>
      <TextLine id="eSc_line_077b1a10" custom="structure {type:default;}">
        <Coords points="348,2554 348,2567 2117,2564 2119,2546 2115,2505 1700,2493 1698,2493 1696,2493 1651,2507 1399,2507 1374,2495 1372,2495 1370,2495 1228,2507 994,2497 992,2497 510,2509 395,2499 393,2499 391,2499 347,2511 348,2554"/>
        <Baseline points="348,2554 2119,2546"/>
        <TextEquiv>
          <Unicode>Lokki ger ikki vandari enn, at hann drepur hanan kjá risanun og</Unicode>
        </TextEquiv>
        <TextEquiv index="0">
          <Unicode>Lokki ger ikki vandari enn, at hann drepur hanan kjá risanun og</Unicode>
        </TextEquiv>
      </TextLine>
      <TextLine id="eSc_line_e12b0a64" custom="structure {type:default;}">
        <Coords points="298,2647 2066,2638 2068,2614 2066,2577 2043,2565 2041,2565 2039,2565 1817,2575 1782,2565 1780,2565 1778,2565 1776,2565 1744,2577 1665,2567 1663,2567 1569,2577 1546,2567 1544,2567 1542,2567 1462,2579 1183,2569 1181,2569 1179,2569 1148,2579 891,2571 889,2571 887,2571 853,2583 368,2575 366,2575 296,2587 298,2626"/>
        <Baseline points="298,2626 2068,2614"/>
        <TextEquiv>
          <Unicode>setur seg sjálvan uppá vaglið í durunun at gala. Risin heldur tað</Unicode>
        </TextEquiv>
        <TextEquiv index="0">
          <Unicode>setur seg sjálvan uppá vaglið í durunun at gala. Risin heldur tað</Unicode>
        </TextEquiv>
      </TextLine>
      <TextLine id="eSc_line_72d5e1f2" custom="structure {type:default;}">
        <Coords points="297,2717 2101,2714 2103,2686 2101,2651 2049,2638 2047,2638 2045,2638 2043,2638 2014,2649 1811,2638 1809,2638 1729,2651 1528,2639 1526,2639 1349,2651 1333,2641 1331,2641 1329,2641 1327,2641 1325,2641 1300,2653 1068,2641 1066,2641 1064,2641 1045,2651 918,2643 916,2643 914,2643 912,2643 892,2655 719,2643 717,2643 296,2659 298,2696"/>
        <Baseline points="298,2696 2103,2686"/>
        <TextEquiv>
          <Unicode>vera uppfaringartíð - altíð var hann vanur at fara upp, tá ið hanin</Unicode>
        </TextEquiv>
        <TextEquiv index="0">
          <Unicode>vera uppfaringartíð - altíð var hann vanur at fara upp, tá ið hanin</Unicode>
        </TextEquiv>
      </TextLine>
      <TextLine id="eSc_line_117e05fb" custom="structure {type:default;}">
        <Coords points="298,2789 2153,2781 2154,2756 2150,2710 1438,2710 1436,2710 1434,2710 1411,2717 1397,2719 1386,2717 1358,2710 1356,2710 1355,2710 1263,2717 1220,2721 1162,2719 1004,2712 1002,2712 930,2721 912,2723 873,2721 690,2714 688,2714 629,2723 610,2714 608,2714 606,2714 604,2714 579,2725 577,2725 565,2725 354,2715 352,2715 296,2727 298,2768"/>
        <Baseline points="298,2768 2154,2756"/>
        <TextEquiv>
          <Unicode>gól. Hann fer fram og uttar í dyr; men Lokki hevur gløtt jarnstong í</Unicode>
        </TextEquiv>
        <TextEquiv index="0">
          <Unicode>gól. Hann fer fram og uttar í dyr; men Lokki hevur gløtt jarnstong í</Unicode>
        </TextEquiv>
      </TextLine>
      <TextLine id="eSc_line_c250a773" custom="structure {type:default;}">
        <Coords points="298,2836 298,2860 2183,2856 2183,2828 2181,2791 2140,2780 2138,2780 2136,2780 2080,2790 1856,2780 1854,2780 1772,2790 1711,2780 1709,2780 1616,2791 1355,2782 1353,2782 1236,2793 949,2784 947,2784 861,2793 795,2784 793,2784 791,2784 764,2795 682,2786 680,2786 678,2786 651,2797 479,2797 462,2786 460,2786 458,2786 343,2786 341,2786 339,2786 296,2797 298,2836"/>
        <Baseline points="298,2836 2183,2828"/>
        <TextEquiv>
          <Unicode>eldinun og rennir í eygað á honun, so hann doyr. Síðan tók Lokki alt,</Unicode>
        </TextEquiv>
        <TextEquiv index="0">
          <Unicode>eldinun og rennir í eygað á honun, so hann doyr. Síðan tók Lokki alt,</Unicode>
        </TextEquiv>
      </TextLine>
      <TextLine id="eSc_line_f46375a0" custom="structure {type:default;}">
        <Coords points="300,2906 300,2928 358,2945 360,2945 362,2947 653,2947 653,2945 655,2945 657,2945 676,2932 680,2930 688,2932 725,2945 727,2945 729,2945 787,2936 842,2945 844,2945 846,2945 848,2945 848,2943 859,2934 865,2930 990,2930 998,2936 1007,2943 1009,2943 1011,2943 1013,2943 1078,2936 1130,2930 1255,2930 1269,2938 1271,2940 1273,2940 1275,2940 1277,2940 1292,2938 1341,2930 1394,2940 1433,2945 1434,2945 1436,2945 1452,2940 1477,2930 1491,2940 1497,2945 1499,2945 1501,2945 1503,2945 1505,2945 1518,2940 1518,2906 1518,2871 1456,2858 1374,2858 1372,2858 1370,2858 1341,2869 1294,2858 1292,2858 1290,2858 1288,2858 1245,2869 1220,2858 1218,2858 1216,2858 1165,2869 1162,2869 1158,2869 1082,2858 1080,2858 1029,2869 1023,2869 1015,2869 947,2858 945,2858 943,2858 912,2869 910,2869 906,2869 881,2858 879,2858 877,2858 875,2858 873,2858 859,2867 859,2869 855,2867 824,2858 822,2858 820,2858 770,2867 760,2871 621,2871 618,2867 600,2860 598,2860 596,2860 497,2867 462,2869 456,2867 442,2858 440,2858 438,2858 436,2858 300,2865 300,2906"/>
        <Baseline points="300,2906 1518,2906"/>
        <TextEquiv>
          <Unicode>í hellinun var, og fór heim aftur til sín sjálvs.</Unicode>
        </TextEquiv>
        <TextEquiv index="0">
          <Unicode>í hellinun var, og fór heim aftur til sín sjálvs.</Unicode>
        </TextEquiv>
      </TextLine>
    </TextRegion>
    <TextRegion id="eSc_textblock_31121730" custom="structure {type:text;}">
      <Coords points="2092,3054 2189,3054 2205,3123 2090,3138 2092,3054"/>
      <TextLine id="eSc_line_e7843a0c" custom="structure {type:default;}">
        <Coords points="2178,3054 2091,3054 2091,3112 2088,3135 2184,3144 2190,3115 2184,3071 2178,3054"/>
        <Baseline points="2092,3115 2192,3116"/>
        <TextEquiv>
          <Unicode>125</Unicode>
        </TextEquiv>
        <TextEquiv index="0">
          <Unicode>125</Unicode>
        </TextEquiv>
      </TextLine>
    </TextRegion>
  </Page>
</PcGts>
